,outcome,model,Reg:mae,Reg:mse,Reg:mape
0,"AD8主觀認知障礙[0-1,>=2]",MLPR,0.49574 - 1.2548 (0.74788),0.50353 - 2.60954 (1.12492),0.23925 - 0.44025 (0.30827)
1,"AD8主觀認知障礙[0-1,>=2]",XBGR,0.78831 - 1.15463 (0.96014),1.37139 - 2.03229 (1.58973),0.38632 - 0.59712 (0.48453)
2,"AD8主觀認知障礙[0-1,>=2]",LGBMR,0.94441 - 1.38345 (1.14213),1.48577 - 3.13185 (2.23746),0.43577 - 0.71916 (0.57776)
3,"MOCA客觀認知測驗分數[<=23,>=24]",MLPR,2.20807 - 2.86905 (2.56564),6.5381 - 13.07883 (9.29073),0.09132 - 0.11951 (0.10622)
4,"MOCA客觀認知測驗分數[<=23,>=24]",XBGR,1.45052 - 2.44388 (1.78291),2.7125 - 8.15538 (5.26748),0.05296 - 0.10376 (0.07456)
5,"MOCA客觀認知測驗分數[<=23,>=24]",LGBMR,1.58811 - 2.50689 (2.01744),3.76637 - 9.01403 (6.44736),0.06667 - 0.10776 (0.0849)
