,outcome,model,Reg:mae,Reg:mse,Reg:mape
0,"AD8主觀認知障礙[0-1,>=2]",MLPR,0.94794 - 2.24493 (1.58908),2.73155 - 9.51721 (5.33868),0.35274 - 0.99379 (0.66366)
1,"AD8主觀認知障礙[0-1,>=2]",XBGR,1.09774 - 2.15541 (1.44446),1.98736 - 6.98168 (3.45132),0.56858 - 1.04394 (0.76661)
2,"AD8主觀認知障礙[0-1,>=2]",LGBMR,1.37301 - 2.22683 (1.67005),2.79951 - 7.70042 (4.44541),0.72436 - 1.13093 (0.88965)
3,"MOCA客觀認知測驗分數[<=23,>=24]",MLPR,2.16913 - 3.80416 (3.07411),8.15373 - 19.24163 (14.48622),0.09352 - 0.16155 (0.12575)
4,"MOCA客觀認知測驗分數[<=23,>=24]",XBGR,2.38838 - 3.16774 (2.68568),7.74751 - 13.77504 (10.35723),0.10393 - 0.12473 (0.1126)
5,"MOCA客觀認知測驗分數[<=23,>=24]",LGBMR,2.20237 - 3.45936 (2.89155),7.39712 - 17.47141 (12.88695),0.09987 - 0.1442 (0.12092)
