,outcome,model,Reg:mae,Reg:mse,Reg:mape
0,"AD8主觀認知障礙[0-1,>=2]",MLPR,1.18118 - 1.58918 (1.40577),3.97608 - 12.57823 (5.7794),0.3883 - 1.27534 (0.64092)
1,"AD8主觀認知障礙[0-1,>=2]",XBGR,0.96248 - 1.62664 (1.17695),1.82958 - 3.96555 (2.57042),0.48062 - 0.70027 (0.5667)
2,"AD8主觀認知障礙[0-1,>=2]",LGBMR,1.04938 - 1.71732 (1.2434),1.82218 - 4.1194 (2.73206),0.53563 - 0.87586 (0.65783)
3,"MOCA客觀認知測驗分數[<=23,>=24]",MLPR,2.52927 - 3.20429 (2.79376),10.15382 - 15.17414 (12.03903),0.09455 - 0.1282 (0.11457)
4,"MOCA客觀認知測驗分數[<=23,>=24]",XBGR,1.64378 - 2.70175 (2.30707),4.02301 - 12.30207 (7.78257),0.06041 - 0.11579 (0.09513)
5,"MOCA客觀認知測驗分數[<=23,>=24]",LGBMR,2.02063 - 2.56765 (2.35732),6.09598 - 10.869 (8.16599),0.07644 - 0.10884 (0.09752)
