,outcome,model,Reg:mae,Reg:mse,Reg:mape
0,"AD8主觀認知障礙[0-1,>=2]",MLPR,0.70563 - 1.41983 (0.96504),0.60447 - 3.21259 (1.53134),0.44398 - 0.6877 (0.51701)
1,"AD8主觀認知障礙[0-1,>=2]",XBGR,1.02164 - 1.48356 (1.2409),1.80628 - 4.16419 (2.81452),0.37103 - 0.74562 (0.55754)
2,"AD8主觀認知障礙[0-1,>=2]",LGBMR,0.94624 - 1.43058 (1.14955),1.64705 - 2.56947 (2.01827),0.50673 - 0.77803 (0.62478)
3,"MOCA客觀認知測驗分數[<=23,>=24]",MLPR,2.6516 - 4.36324 (3.40174),10.26895 - 32.05799 (19.10689),0.11367 - 0.18137 (0.1413)
4,"MOCA客觀認知測驗分數[<=23,>=24]",XBGR,1.79203 - 3.10017 (2.18589),6.25293 - 12.29393 (7.77409),0.06774 - 0.12868 (0.08978)
5,"MOCA客觀認知測驗分數[<=23,>=24]",LGBMR,1.60843 - 2.25012 (1.88907),3.47153 - 6.91914 (5.26297),0.06039 - 0.09549 (0.07955)
