,outcome,model,Reg:mae,Reg:mse,Reg:mape
0,"AD8主觀認知障礙[0-1,>=2]",MLPR,1.46887 - 2.36549 (1.98179),3.88648 - 10.78763 (6.62076),0.68351 - 2.03669 (1.15347)
1,"AD8主觀認知障礙[0-1,>=2]",XBGR,1.62184 - 1.84399 (1.72056),4.74894 - 5.74855 (5.21145),0.64437 - 1.15931 (0.88436)
2,"AD8主觀認知障礙[0-1,>=2]",LGBMR,1.33835 - 2.06909 (1.67568),3.45077 - 6.006 (4.45089),0.75352 - 1.12121 (0.9315)
3,"MOCA客觀認知測驗分數[<=23,>=24]",MLPR,2.1822 - 4.62907 (3.45041),8.12775 - 40.15655 (21.02651),0.09413 - 0.2068 (0.14725)
4,"MOCA客觀認知測驗分數[<=23,>=24]",XBGR,2.19749 - 4.54599 (3.23563),6.28926 - 28.71217 (16.68439),0.09301 - 0.17143 (0.13637)
5,"MOCA客觀認知測驗分數[<=23,>=24]",LGBMR,2.63039 - 3.78518 (3.17681),10.02578 - 20.03155 (14.25907),0.10816 - 0.16293 (0.13203)
