,outcome,model,Reg:mae,Reg:mse,Reg:mape
0,"AD8主觀認知障礙[0-1,>=2]",MLPR,1.65634 - 2.32782 (1.92578),4.2211 - 6.97332 (5.10397),0.71386 - 1.51514 (1.14934)
1,"AD8主觀認知障礙[0-1,>=2]",XBGR,1.68966 - 2.29152 (1.92095),4.27133 - 7.49291 (5.81066),0.73101 - 1.2549 (0.97762)
2,"AD8主觀認知障礙[0-1,>=2]",LGBMR,1.26791 - 2.17111 (1.82653),2.43034 - 7.89548 (5.19995),0.87643 - 1.09912 (0.94661)
3,"MOCA客觀認知測驗分數[<=23,>=24]",MLPR,3.35882 - 4.15699 (3.78382),14.87223 - 23.70358 (19.94074),0.14073 - 0.16787 (0.15531)
4,"MOCA客觀認知測驗分數[<=23,>=24]",XBGR,2.39482 - 3.35387 (2.83471),8.66246 - 16.06043 (12.164),0.10786 - 0.12407 (0.1173)
5,"MOCA客觀認知測驗分數[<=23,>=24]",LGBMR,2.01896 - 3.2601 (2.51435),7.39017 - 15.58998 (10.09078),0.08661 - 0.12365 (0.10528)
