,outcome,model,Reg:mae,Reg:mse,Reg:mape
0,"AD8主觀認知障礙[0-1,>=2]",MLPR,0.6765 - 1.35632 (0.92067),0.86838 - 2.89654 (1.49947),0.35592 - 0.56419 (0.45458)
1,"AD8主觀認知障礙[0-1,>=2]",XBGR,1.06145 - 1.85554 (1.49971),2.28165 - 5.01661 (3.59037),0.57637 - 0.91705 (0.71911)
2,"AD8主觀認知障礙[0-1,>=2]",LGBMR,1.09169 - 1.47753 (1.24201),1.88555 - 2.94632 (2.31891),0.55932 - 0.96047 (0.67895)
3,"MOCA客觀認知測驗分數[<=23,>=24]",MLPR,3.21357 - 4.61448 (3.69005),14.62947 - 36.71336 (22.59536),0.12825 - 0.20552 (0.15034)
4,"MOCA客觀認知測驗分數[<=23,>=24]",XBGR,1.67335 - 3.31294 (2.44452),4.19592 - 14.05025 (8.33536),0.06924 - 0.13961 (0.10142)
5,"MOCA客觀認知測驗分數[<=23,>=24]",LGBMR,1.73502 - 2.69839 (2.14756),4.32615 - 10.46568 (6.78547),0.06612 - 0.11684 (0.09067)
