,outcome,model,Reg:mae,Reg:mse,Reg:mape
0,"AD8主觀認知障礙[0-1,>=2]",MLPR,0.34822 - 1.74885 (1.03059),0.27364 - 5.19653 (2.29176),0.20722 - 0.50995 (0.359)
1,"AD8主觀認知障礙[0-1,>=2]",XBGR,0.75814 - 1.49299 (1.18366),0.97671 - 3.27138 (2.18037),0.48465 - 0.85027 (0.6466)
2,"AD8主觀認知障礙[0-1,>=2]",LGBMR,1.02817 - 1.56779 (1.3209),1.71179 - 3.3654 (2.68502),0.60279 - 0.98579 (0.73591)
3,"MOCA客觀認知測驗分數[<=23,>=24]",MLPR,1.78756 - 2.52873 (2.05763),4.18095 - 9.23819 (6.39834),0.06921 - 0.10457 (0.08629)
4,"MOCA客觀認知測驗分數[<=23,>=24]",XBGR,1.47152 - 2.31303 (1.8833),3.27695 - 7.06974 (5.20162),0.05567 - 0.09604 (0.07894)
5,"MOCA客觀認知測驗分數[<=23,>=24]",LGBMR,1.61568 - 2.91625 (2.12537),3.76534 - 10.24188 (6.48778),0.05883 - 0.12399 (0.08923)
