,outcome,model,Reg:mae,Reg:mse,Reg:mape
0,"AD8主觀認知障礙[0-1,>=2]",MLPR,0.62966 - 0.89955 (0.77886),0.84597 - 1.78611 (1.34832),0.1649 - 0.46057 (0.28645)
1,"AD8主觀認知障礙[0-1,>=2]",XBGR,0.92906 - 1.33196 (1.18105),1.53079 - 2.55117 (2.1462),0.43607 - 0.76539 (0.58975)
2,"AD8主觀認知障礙[0-1,>=2]",LGBMR,0.88886 - 1.55381 (1.26563),1.16865 - 3.42942 (2.54933),0.52788 - 0.83608 (0.6237)
3,"MOCA客觀認知測驗分數[<=23,>=24]",MLPR,1.3029 - 2.54989 (1.91426),2.87241 - 9.34503 (6.07857),0.05367 - 0.10127 (0.07826)
4,"MOCA客觀認知測驗分數[<=23,>=24]",XBGR,1.87624 - 2.34339 (2.1056),5.26795 - 9.11969 (6.61562),0.0815 - 0.10315 (0.08937)
5,"MOCA客觀認知測驗分數[<=23,>=24]",LGBMR,1.84708 - 2.84127 (2.4719),5.98003 - 11.59283 (8.63436),0.08048 - 0.12013 (0.10484)
