,outcome,model,Reg:mae,Reg:mse,Reg:mape
0,"AD8主觀認知障礙[0-1,>=2]",MLPR,1.60331 - 2.51403 (2.03102),3.21467 - 7.46578 (5.74408),0.59447 - 1.575 (1.09944)
1,"AD8主觀認知障礙[0-1,>=2]",XBGR,1.34157 - 2.09321 (1.69119),2.7687 - 7.83903 (4.56969),0.63141 - 1.06463 (0.89687)
2,"AD8主觀認知障礙[0-1,>=2]",LGBMR,1.32796 - 2.03574 (1.67497),2.80116 - 6.68582 (4.38561),0.59774 - 0.99091 (0.85801)
3,"MOCA客觀認知測驗分數[<=23,>=24]",MLPR,2.64742 - 3.72637 (3.09908),11.10132 - 17.83845 (13.4886),0.11326 - 0.15532 (0.12901)
4,"MOCA客觀認知測驗分數[<=23,>=24]",XBGR,2.3309 - 3.27884 (2.62924),8.25434 - 15.57716 (10.57378),0.09882 - 0.12356 (0.11018)
5,"MOCA客觀認知測驗分數[<=23,>=24]",LGBMR,2.21821 - 3.2427 (2.63241),7.874 - 14.72263 (10.72741),0.09516 - 0.12482 (0.11134)
