,outcome,model,Reg:mae,Reg:mse,Reg:mape
0,"AD8主觀認知障礙[0-1,>=2]",MLPR,1.51686 - 3.04541 (2.25638),3.82748 - 13.39647 (9.09347),0.60886 - 1.19821 (0.84996)
1,"AD8主觀認知障礙[0-1,>=2]",XBGR,1.46893 - 2.56659 (1.80916),3.41485 - 8.81392 (4.99188),0.6348 - 1.41955 (0.96241)
2,"AD8主觀認知障礙[0-1,>=2]",LGBMR,1.36817 - 2.50547 (1.90975),2.79199 - 8.74697 (5.43693),0.64382 - 1.44213 (1.02319)
3,"MOCA客觀認知測驗分數[<=23,>=24]",MLPR,2.28144 - 3.8224 (3.07813),10.40067 - 19.63494 (15.09619),0.10474 - 0.16093 (0.13003)
4,"MOCA客觀認知測驗分數[<=23,>=24]",XBGR,2.44812 - 3.06663 (2.73037),9.75797 - 12.0068 (11.04388),0.10582 - 0.13087 (0.11464)
5,"MOCA客觀認知測驗分數[<=23,>=24]",LGBMR,2.45433 - 3.46291 (3.02358),11.13313 - 15.98955 (13.75867),0.11228 - 0.15111 (0.12798)
