,outcome,model,Reg:mae,Reg:mse,Reg:mape
0,"AD8主觀認知障礙[0-1,>=2]",MLPR,1.7166 - 2.40389 (2.00823),4.35823 - 7.27246 (5.53576),0.78696 - 1.69351 (1.22007)
1,"AD8主觀認知障礙[0-1,>=2]",XBGR,1.36416 - 2.50425 (1.97838),2.71142 - 8.7459 (6.40148),0.57625 - 1.50775 (1.02423)
2,"AD8主觀認知障礙[0-1,>=2]",LGBMR,1.59597 - 2.38987 (1.92015),3.49287 - 7.53185 (5.23576),0.78749 - 1.57573 (1.06958)
3,"MOCA客觀認知測驗分數[<=23,>=24]",MLPR,2.5856 - 3.51746 (3.17445),9.31617 - 19.91993 (15.4645),0.10118 - 0.16493 (0.1398)
4,"MOCA客觀認知測驗分數[<=23,>=24]",XBGR,2.91933 - 3.43238 (3.15236),13.43096 - 17.6945 (15.02494),0.12556 - 0.13725 (0.13152)
5,"MOCA客觀認知測驗分數[<=23,>=24]",LGBMR,2.25258 - 3.78521 (3.06473),8.69389 - 19.56304 (14.03214),0.10249 - 0.16149 (0.12801)
