,outcome,model,Reg:mae,Reg:mse,Reg:mape
0,"AD8主觀認知障礙[0-1,>=2]",MLPR,0.56317 - 1.49316 (0.86657),0.67864 - 3.2927 (1.48066),0.20116 - 0.42406 (0.31953)
1,"AD8主觀認知障礙[0-1,>=2]",XBGR,1.04352 - 1.42805 (1.19983),1.68491 - 2.8485 (2.12656),0.51393 - 0.80115 (0.63662)
2,"AD8主觀認知障礙[0-1,>=2]",LGBMR,1.16723 - 1.55076 (1.32659),2.23863 - 3.20273 (2.70061),0.63524 - 0.78383 (0.68954)
3,"MOCA客觀認知測驗分數[<=23,>=24]",MLPR,1.56044 - 2.32585 (1.88269),3.97743 - 8.95135 (6.01595),0.05771 - 0.09673 (0.07766)
4,"MOCA客觀認知測驗分數[<=23,>=24]",XBGR,1.35818 - 2.42567 (1.88908),3.24218 - 8.26901 (5.42564),0.05734 - 0.10481 (0.07946)
5,"MOCA客觀認知測驗分數[<=23,>=24]",LGBMR,1.87434 - 2.97636 (2.31063),5.19445 - 11.73454 (8.05213),0.08058 - 0.12614 (0.09685)
