,outcome,model,Reg:mae,Reg:mse,Reg:mape
0,"AD8主觀認知障礙[0-1,>=2]",MLPR,1.11112 - 1.92131 (1.53205),2.26458 - 6.7733 (4.20264),0.52473 - 1.26637 (0.8127)
1,"AD8主觀認知障礙[0-1,>=2]",XBGR,1.1606 - 2.04985 (1.44676),2.54335 - 5.43573 (3.31945),0.54379 - 1.19128 (0.77586)
2,"AD8主觀認知障礙[0-1,>=2]",LGBMR,1.41845 - 2.30079 (1.71224),3.39054 - 6.83253 (4.57454),0.73001 - 1.31508 (0.92533)
3,"MOCA客觀認知測驗分數[<=23,>=24]",MLPR,2.02671 - 3.92834 (2.66605),5.93417 - 20.85637 (11.37023),0.08491 - 0.16695 (0.11146)
4,"MOCA客觀認知測驗分數[<=23,>=24]",XBGR,2.11722 - 3.76629 (2.82845),6.17871 - 19.30185 (12.24213),0.08791 - 0.16142 (0.11841)
5,"MOCA客觀認知測驗分數[<=23,>=24]",LGBMR,2.56377 - 3.78616 (2.98356),8.23208 - 19.34796 (12.61987),0.10624 - 0.16259 (0.12495)