,outcome,model,Reg:mae,Reg:mse,Reg:mape
0,"AD8主觀認知障礙[0-1,>=2]",MLPR,0.89396 - 1.55529 (1.25657),1.35168 - 3.91673 (2.77029),0.38354 - 1.06852 (0.64738)
1,"AD8主觀認知障礙[0-1,>=2]",XBGR,1.11002 - 1.87769 (1.36029),2.34132 - 5.13588 (3.26352),0.51085 - 0.79304 (0.66384)
2,"AD8主觀認知障礙[0-1,>=2]",LGBMR,1.17585 - 1.79296 (1.43712),2.57285 - 4.05337 (3.18467),0.61618 - 1.03603 (0.78247)
3,"MOCA客觀認知測驗分數[<=23,>=24]",MLPR,2.93707 - 3.84739 (3.33159),11.49593 - 27.00307 (17.9385),0.11595 - 0.15908 (0.13551)
4,"MOCA客觀認知測驗分數[<=23,>=24]",XBGR,2.08752 - 3.20211 (2.51413),7.73645 - 13.73757 (9.7066),0.08062 - 0.13197 (0.10215)
5,"MOCA客觀認知測驗分數[<=23,>=24]",LGBMR,1.8837 - 2.68579 (2.3974),5.13809 - 11.27216 (8.48611),0.0705 - 0.11348 (0.09899)
