,outcome,model,Reg:mae,Reg:mse,Reg:mape
0,"AD8主觀認知障礙[0-1,>=2]",MLPR,1.49716 - 2.14818 (1.79027),3.86488 - 7.06664 (5.10326),0.70612 - 1.42087 (0.93206)
1,"AD8主觀認知障礙[0-1,>=2]",XBGR,1.711 - 1.98848 (1.86804),4.81992 - 6.48385 (5.64529),0.73115 - 1.17923 (0.94512)
2,"AD8主觀認知障礙[0-1,>=2]",LGBMR,1.44725 - 1.9576 (1.77196),3.87996 - 5.99942 (5.02144),0.835 - 0.98922 (0.93215)
3,"MOCA客觀認知測驗分數[<=23,>=24]",MLPR,2.37516 - 3.92841 (2.95964),9.15043 - 22.97821 (13.90294),0.09814 - 0.16473 (0.12402)
4,"MOCA客觀認知測驗分數[<=23,>=24]",XBGR,2.16982 - 3.49563 (2.82588),7.12002 - 16.39343 (11.71245),0.09016 - 0.15093 (0.11874)
5,"MOCA客觀認知測驗分數[<=23,>=24]",LGBMR,2.67377 - 3.54628 (2.97814),9.38787 - 15.97868 (12.3645),0.11164 - 0.15057 (0.12463)
