,outcome,model,Reg:mae,Reg:mse,Reg:mape
0,"AD8主觀認知障礙[0-1,>=2]",MLPR,1.59722 - 1.89978 (1.76744),3.91465 - 5.13949 (4.66602),0.72683 - 1.44182 (0.97965)
1,"AD8主觀認知障礙[0-1,>=2]",XBGR,1.56429 - 2.22091 (2.02084),4.6055 - 7.95036 (6.78807),0.82442 - 1.38506 (1.02113)
2,"AD8主觀認知障礙[0-1,>=2]",LGBMR,1.52073 - 1.96864 (1.81927),3.97888 - 5.67112 (4.9785),0.75015 - 1.12597 (0.94453)
3,"MOCA客觀認知測驗分數[<=23,>=24]",MLPR,2.224 - 6.47875 (3.78519),8.34053 - 79.64203 (30.35994),0.09327 - 0.28811 (0.16102)
4,"MOCA客觀認知測驗分數[<=23,>=24]",XBGR,2.22043 - 3.54004 (3.03573),8.52491 - 19.99001 (14.57347),0.09423 - 0.14513 (0.12671)
5,"MOCA客觀認知測驗分數[<=23,>=24]",LGBMR,2.49823 - 3.28834 (2.99304),8.97895 - 16.01978 (12.50505),0.10114 - 0.138 (0.12423)
