,outcome,model,Reg:mae,Reg:mse,Reg:mape
0,"AD8主觀認知障礙[0-1,>=2]",MLPR,0.64359 - 1.22141 (1.00969),0.92216 - 2.43646 (1.80241),0.30487 - 0.69853 (0.47451)
1,"AD8主觀認知障礙[0-1,>=2]",XBGR,0.68921 - 1.34099 (0.93049),0.78067 - 2.54861 (1.37265),0.34538 - 0.75397 (0.47808)
2,"AD8主觀認知障礙[0-1,>=2]",LGBMR,0.64538 - 1.56653 (1.11254),0.75866 - 3.55358 (2.10127),0.39073 - 0.85187 (0.5539)
3,"MOCA客觀認知測驗分數[<=23,>=24]",MLPR,1.99123 - 2.63345 (2.3106),6.18735 - 13.50544 (9.41497),0.08223 - 0.10955 (0.0959)
4,"MOCA客觀認知測驗分數[<=23,>=24]",XBGR,1.60628 - 3.01958 (2.20957),3.79915 - 11.70511 (7.5019),0.0661 - 0.12935 (0.09281)
5,"MOCA客觀認知測驗分數[<=23,>=24]",LGBMR,1.6862 - 2.61128 (2.20437),4.26898 - 9.99923 (7.24763),0.07128 - 0.11185 (0.09336)
