,outcome,model,Reg:mae,Reg:mse,Reg:mape
0,"AD8主觀認知障礙[0-1,>=2]",MLPR,1.77152 - 2.50509 (2.05337),5.35136 - 9.51953 (6.97052),0.8711 - 1.46538 (1.14056)
1,"AD8主觀認知障礙[0-1,>=2]",XBGR,1.12707 - 1.95402 (1.70063),1.80151 - 6.61191 (5.10444),0.59343 - 1.31555 (0.89029)
2,"AD8主觀認知障礙[0-1,>=2]",LGBMR,1.42228 - 2.3865 (1.73212),3.26869 - 7.49004 (4.64342),0.64135 - 1.38151 (0.97738)
3,"MOCA客觀認知測驗分數[<=23,>=24]",MLPR,2.47765 - 3.63171 (3.07114),10.07297 - 18.50416 (14.13321),0.11271 - 0.15572 (0.12956)
4,"MOCA客觀認知測驗分數[<=23,>=24]",XBGR,3.32516 - 4.19298 (3.68768),16.75678 - 26.3416 (20.15937),0.14121 - 0.16727 (0.1552)
5,"MOCA客觀認知測驗分數[<=23,>=24]",LGBMR,2.60308 - 3.95196 (3.04711),10.66402 - 22.44177 (14.06631),0.11099 - 0.17037 (0.12908)