,outcome,model,Reg:mae,Reg:mse,Reg:mape
0,"AD8主觀認知障礙[0-1,>=2]",MLPR,1.24638 - 2.22753 (1.78789),2.59136 - 6.76867 (4.8429),0.59094 - 1.32382 (0.94311)
1,"AD8主觀認知障礙[0-1,>=2]",XBGR,1.39137 - 2.15377 (1.58636),2.85004 - 7.10191 (4.34618),0.47196 - 1.20688 (0.82403)
2,"AD8主觀認知障礙[0-1,>=2]",LGBMR,1.34442 - 2.49088 (1.69434),3.26032 - 8.66879 (4.89939),0.59288 - 1.41003 (0.91316)
3,"MOCA客觀認知測驗分數[<=23,>=24]",MLPR,2.41825 - 3.66664 (3.05241),9.51392 - 18.69441 (13.65771),0.1117 - 0.15061 (0.12758)
4,"MOCA客觀認知測驗分數[<=23,>=24]",XBGR,2.41835 - 3.80332 (3.09504),9.63604 - 20.84758 (14.43371),0.10564 - 0.16398 (0.13036)
5,"MOCA客觀認知測驗分數[<=23,>=24]",LGBMR,2.52831 - 3.75195 (3.00916),10.02837 - 19.25938 (13.17213),0.11671 - 0.16202 (0.12699)