,outcome,model,Reg:mae,Reg:mse,Reg:mape
0,"AD8主觀認知障礙[0-1,>=2]",MLPR,1.00507 - 1.45473 (1.22101),1.94411 - 3.24015 (2.33017),0.47513 - 0.80464 (0.63271)
1,"AD8主觀認知障礙[0-1,>=2]",XBGR,0.96682 - 1.47135 (1.21521),1.86183 - 3.68984 (2.62637),0.26932 - 0.8032 (0.58156)
2,"AD8主觀認知障礙[0-1,>=2]",LGBMR,0.79686 - 1.62899 (1.16094),0.97213 - 3.81306 (2.24031),0.43862 - 0.93464 (0.59475)
3,"MOCA客觀認知測驗分數[<=23,>=24]",MLPR,2.0005 - 3.37646 (2.71879),6.59716 - 21.57783 (13.06752),0.08343 - 0.13339 (0.11131)
4,"MOCA客觀認知測驗分數[<=23,>=24]",XBGR,1.62273 - 2.74698 (2.38706),4.16589 - 12.06847 (9.54641),0.0705 - 0.12077 (0.10018)
5,"MOCA客觀認知測驗分數[<=23,>=24]",LGBMR,1.65876 - 2.9776 (2.24636),3.94955 - 10.75677 (7.56402),0.0708 - 0.12281 (0.09429)
