,outcome,model,Reg:mae,Reg:mse,Reg:mape
0,"AD8主觀認知障礙[0-1,>=2]",MLPR,0.68717 - 0.92806 (0.86949),0.77137 - 1.83679 (1.35518),0.30981 - 0.58124 (0.41827)
1,"AD8主觀認知障礙[0-1,>=2]",XBGR,1.10261 - 1.7277 (1.38164),2.57541 - 4.16824 (3.5036),0.33116 - 0.90609 (0.61736)
2,"AD8主觀認知障礙[0-1,>=2]",LGBMR,0.90647 - 1.50312 (1.28099),1.16823 - 3.94914 (2.69026),0.44881 - 0.78976 (0.63675)
3,"MOCA客觀認知測驗分數[<=23,>=24]",MLPR,2.07991 - 2.90939 (2.45877),6.66396 - 11.91139 (9.36356),0.08168 - 0.11744 (0.10055)
4,"MOCA客觀認知測驗分數[<=23,>=24]",XBGR,1.94645 - 2.73677 (2.38029),6.27639 - 12.4256 (8.43348),0.08412 - 0.1179 (0.10012)
5,"MOCA客觀認知測驗分數[<=23,>=24]",LGBMR,1.79625 - 3.01674 (2.33104),5.73046 - 12.87124 (8.3094),0.07959 - 0.13214 (0.0988)
