,outcome,model,Reg:mae,Reg:mse,Reg:mape
0,"AD8主觀認知障礙[0-1,>=2]",MLPR,1.33609 - 2.31752 (1.78861),3.35455 - 8.69491 (5.68995),0.6527 - 1.15128 (0.94245)
1,"AD8主觀認知障礙[0-1,>=2]",XBGR,1.53385 - 2.09311 (1.79867),3.62941 - 6.85048 (5.09286),0.66796 - 1.1113 (0.94552)
2,"AD8主觀認知障礙[0-1,>=2]",LGBMR,1.50381 - 2.51323 (1.83082),3.5311 - 8.74216 (4.90429),0.75888 - 1.31996 (1.00764)
3,"MOCA客觀認知測驗分數[<=23,>=24]",MLPR,2.59885 - 3.90892 (3.43516),9.68345 - 23.56527 (17.82836),0.10358 - 0.18283 (0.15266)
4,"MOCA客觀認知測驗分數[<=23,>=24]",XBGR,2.1341 - 3.35127 (3.00324),6.74379 - 16.18345 (13.08415),0.09527 - 0.14465 (0.12604)
5,"MOCA客觀認知測驗分數[<=23,>=24]",LGBMR,2.24053 - 3.62968 (2.88388),7.09513 - 18.73875 (12.3246),0.09345 - 0.13704 (0.11994)
