,outcome,model,Reg:mae,Reg:mse,Reg:mape
0,"AD8主觀認知障礙[0-1,>=2]",MLPR,0.97432 - 1.62267 (1.21346),1.60513 - 3.87014 (2.45172),0.43525 - 0.7524 (0.56919)
1,"AD8主觀認知障礙[0-1,>=2]",XBGR,1.11862 - 1.95154 (1.48902),1.94123 - 5.72675 (3.68447),0.57813 - 0.9545 (0.74249)
2,"AD8主觀認知障礙[0-1,>=2]",LGBMR,1.00461 - 1.45665 (1.27352),1.57263 - 3.04485 (2.33181),0.60445 - 1.02584 (0.7609)
3,"MOCA客觀認知測驗分數[<=23,>=24]",MLPR,4.61593 - 5.6187 (4.9919),28.22427 - 50.48926 (35.87216),0.18386 - 0.24574 (0.20413)
4,"MOCA客觀認知測驗分數[<=23,>=24]",XBGR,1.94864 - 3.00419 (2.26743),5.70703 - 11.76868 (7.27866),0.07257 - 0.13036 (0.09447)
5,"MOCA客觀認知測驗分數[<=23,>=24]",LGBMR,1.741 - 2.2598 (2.01984),4.31049 - 6.78897 (5.55366),0.0665 - 0.09795 (0.08465)
